,color,linewidth,linestyle,,,
vvi_csa,green,2,--,2.470770292,1.41318425,0.213919593
vv_vv,black,3,-,3.284323667,1.293956815,0.165884904
