,color,linewidth,linestyle,,,
Aquilegia coerulea,orange,2,-,4.921917531,1.142305135,0.112383331
Vitis vinifera,blue,2,-,3.284323667,1.293956815,0.165884904
A.coerulea vs V.vinifera,green,2,--,2.623951438,1.353070992,0.192919848
